识别码,生成时间,状态
PANDA-5T2K-YG4X-BXD2,2026-09-05T07:58:34.978Z,未使用
PANDA-B3EG-VUCA-8DWV,2026-09-05T07:58:34.978Z,未使用
PANDA-7U9G-E5VB-WW3D,2026-09-05T07:58:34.978Z,未使用
PANDA-ND4M-ECUS-ME9M,2026-09-05T07:58:34.978Z,未使用
PANDA-RSY2-AJN2-AAWH,2026-09-05T07:58:34.978Z,未使用
PANDA-E46Y-TNHU-M45U,2026-09-05T07:58:34.978Z,未使用
PANDA-R4ZG-JE7Z-GGV4,2026-09-05T07:58:34.978Z,未使用
PANDA-DUKB-MWTM-FQG7,2026-09-05T07:58:34.978Z,未使用
PANDA-86JB-QCQN-CWKE,2026-09-05T07:58:34.978Z,未使用
PANDA-AA7K-XBN2-BKKW,2026-09-05T07:58:34.978Z,未使用
